INSERT INTO question_bank (id, level, parent_id, text, question_type, marks) VALUES (1, 'question', NULL, 'A program uses a bubble sort to sort data into ascending numerical order. The data is stored in a 0-indexed 1-dimensional array.', 'short_answer', NULL);
INSERT INTO question_bank (id, level, parent_id, text, question_type, marks) VALUES (2, 'sub_question', 1, 'Show each stage of a bubble sort to sort this data into ascending numerical order: 1 5 3 9 2 7 You should clearly show and label each pass in your answer. .............................................................................................................................................. [4]', 'short_answer', 4);
INSERT INTO question_bank (id, level, parent_id, text, question_type, marks) VALUES (3, 'sub_question', 1, 'A programmer has partially developed a bubble sort algorithm in pseudocode. This will partially sort an array of numbers called numbers that is passed as a parameter.', 'code_block', NULL);
INSERT INTO question_bank (id, level, parent_id, text, question_type, marks) VALUES (4, 'subsub_question', 3, '(i) Explain why the procedure bubbleSort accepts the array numbers by reference and not by value. ......................................................................................................................................', 'short_answer', 3);
INSERT INTO question_bank (id, level, parent_id, text, question_type, marks) VALUES (5, 'subsub_question', 3, '(ii) The programmer has used a for loop on line 3 in the procedure bubbleSort. A for loop is a count controlled loop. State what is meant by the term ‘count controlled loop’. ......................................................................................................................................', 'short_answer', 1);
INSERT INTO question_bank (id, level, parent_id, text, question_type, marks) VALUES (6, 'subsub_question', 3, '(iii) State the purpose of the variable holdValue in the procedure bubbleSort. ......................................................................................................................................', 'short_answer', 3);
INSERT INTO question_bank (id, level, parent_id, text, question_type, marks) VALUES (7, 'subsub_question', 3, '(iv) The procedure bubbleSort will only partially sort the array numbers into order. Describe what the programmer would need to add to the algorithm to enable it to fully sort the numbers into order. ......................................................................................................................................', 'short_answer', 2);
INSERT INTO question_bank (id, level, parent_id, text, question_type, marks) VALUES (8, 'sub_question', 1, '', 'short_answer', NULL);
INSERT INTO question_bank (id, level, parent_id, text, question_type, marks) VALUES (9, 'subsub_question', 8, '(i) The array numbers contains 356 numbers to be sorted by the bubble sort algorithm. State the maximum number of passes a bubble sort would need to complete to sort 356 numbers into order. ......................................................................................................................................', 'short_answer', 1);
INSERT INTO question_bank (id, level, parent_id, text, question_type, marks) VALUES (10, 'subsub_question', 8, '(ii) State the name of one other sorting algorithm. ......................................................................................................................................', 'short_answer', 1);
INSERT INTO question_bank (id, level, parent_id, text, question_type, marks) VALUES (11, 'question', NULL, 'Taylor is designing a program for a client who would like to simulate earthquakes on major cities around the world in 3D. The client would like to be able to view any stage of an earthquake such as: 1. the build-up of the earthquake 2. the earthquake taking place 3. the aftershocks of the earthquake. The client would also like to be able to play the simulation at different speeds. For example, a slow, normal or fast speed.', 'short_answer', NULL);
INSERT INTO question_bank (id, level, parent_id, text, question_type, marks) VALUES (12, 'sub_question', 11, 'Give three examples of where abstraction can be used in the design of this program. 1 ................................................................................................................................................ 2 ................................................................................................................................................ 3 ................................................................................................................................................ [3]', 'short_answer', 3);
INSERT INTO question_bank (id, level, parent_id, text, question_type, marks) VALUES (13, 'sub_question', 11, 'The program will need to accept inputs from the user before playing the simulation.', 'short_answer', NULL);
INSERT INTO question_bank (id, level, parent_id, text, question_type, marks) VALUES (14, 'subsub_question', 13, '(i) Identify two different inputs for this program. 1 ........................................................................................................................................ 2 ........................................................................................................................................', 'short_answer', 2);
INSERT INTO question_bank (id, level, parent_id, text, question_type, marks) VALUES (15, 'subsub_question', 13, '(ii) One decision point in the program will be to decide if the user inputs are suitable or not. Identify two other example decision points in this program. 1 ........................................................................................................................................ 2 ........................................................................................................................................', 'short_answer', 2);
INSERT INTO question_bank (id, level, parent_id, text, question_type, marks) VALUES (16, 'sub_question', 11, 'Taylor is deciding which software development methodology to use to write the program. The client has stated that they would like the program as soon as possible and want to be heavily involved during the program creation.', 'short_answer', NULL);
INSERT INTO question_bank (id, level, parent_id, text, question_type, marks) VALUES (17, 'subsub_question', 16, '(i) Describe the difference between the spiral model and the waterfall model. ......................................................................................................................................', 'short_answer', 4);
INSERT INTO question_bank (id, level, parent_id, text, question_type, marks) VALUES (18, 'subsub_question', 16, '(ii) Give two reasons why the waterfall model is not suitable for Taylor. 1 ......................................................................................................................................... 2 .........................................................................................................................................', 'short_answer', 2);
INSERT INTO question_bank (id, level, parent_id, text, question_type, marks) VALUES (19, 'subsub_question', 16, '(iii) Name and describe one other model of software development. Name  ................................................................................................................................. Description  ........................................................................................................................', 'short_answer', 2);
INSERT INTO question_bank (id, level, parent_id, text, question_type, marks) VALUES (20, 'question', NULL, 'Nina is writing a computer game using an Integrated Development Environment (IDE). Her friend, James, is writing a computer game using a text-editor which will allow James to create and edit text. James will use a separate compiler. Discuss the differences between writing and debugging a program using an IDE and a text-editor. You should include the following in your answer: • features that are used when writing code • features that are used when debugging code • the benefits of using an IDE instead of a text-editor. ..................................................................................................................................................... [9]', 'short_answer', 9);
INSERT INTO question_bank (id, level, parent_id, text, question_type, marks) VALUES (21, 'question', NULL, 'A function, toBinary(), is needed to calculate the binary value of a denary integer between 0 and 255. toBinary() needs to: • take an integer value as a parameter • divide the number by 2 repeatedly, storing a 1 if it has a remainder and a 0 if it doesn’t • combine the remainder values (first to last running right to left) to create the binary number • return the binary number. For example, to convert 25 to a binary number the steps are as follows:  6 / 2 = 3 remainder 0 3 / 2 = 1 remainder 1 1 / 2 = 0 remainder 1 return value = 11001', 'code_block', NULL);
INSERT INTO question_bank (id, level, parent_id, text, question_type, marks) VALUES (22, 'sub_question', 21, 'Write the function toBinary(). You should write your function using pseudocode or program code. .............................................................................................................................................. [6]', 'short_answer', 6);
INSERT INTO question_bank (id, level, parent_id, text, question_type, marks) VALUES (23, 'sub_question', 21, 'The main program: • asks the user to enter a denary number between 1 and 255 • checks that the input is valid between 1 and 255 • If valid call the function toBinary() and pass the input as a parameter • outputs the return value • If not valid, repeatedly asks the user to input a number until the number is valid. Write the algorithm for the main program. You should write your algorithm using pseudocode or program code. .............................................................................................................................................. [4]', 'short_answer', 4);
INSERT INTO question_bank (id, level, parent_id, text, question_type, marks) VALUES (24, 'question', NULL, 'Layla writes a pseudocode algorithm to: • input 20 positive numbers into a 0-indexed 1-dimensional array • output the average (mean) number as a decimal • output the smallest number • output the largest number. The pseudocode algorithm is shown. It contains various errors.', 'code_block', NULL);
INSERT INTO question_bank (id, level, parent_id, text, question_type, marks) VALUES (25, 'sub_question', 24, '', 'short_answer', NULL);
INSERT INTO question_bank (id, level, parent_id, text, question_type, marks) VALUES (26, 'subsub_question', 25, '(i) Identify the construct used on lines 01 to 03 in the algorithm. ......................................................................................................................................', 'short_answer', 1);
INSERT INTO question_bank (id, level, parent_id, text, question_type, marks) VALUES (27, 'subsub_question', 25, '(ii) Identify the construct used on lines 10 to 12 in the algorithm. ......................................................................................................................................', 'short_answer', 1);
INSERT INTO question_bank (id, level, parent_id, text, question_type, marks) VALUES (28, 'sub_question', 24, 'Identify two variables used in this algorithm. 1 ................................................................................................................................................ 2 ................................................................................................................................................ [2]', 'short_answer', 2);
INSERT INTO question_bank (id, level, parent_id, text, question_type, marks) VALUES (29, 'sub_question', 24, 'The algorithm that Layla has written has many errors. Identify the line number of four different errors and write the corrected line of code. Error 1 line number ...................... Error 1 correction  ...................................................................................................................... Error 2 line number ...................... Error 2 correction  ...................................................................................................................... Error 3 line number ...................... Error 3 correction  ...................................................................................................................... Error 4 line number ...................... Error 4 correction  ...................................................................................................................... [4]', 'short_answer', 4);
INSERT INTO question_bank (id, level, parent_id, text, question_type, marks) VALUES (30, 'sub_question', 24, 'dataArray is defined as a local variable within the main program.', 'short_answer', NULL);
INSERT INTO question_bank (id, level, parent_id, text, question_type, marks) VALUES (31, 'subsub_question', 30, '(i) State what is meant by a ‘local variable’. ......................................................................................................................................', 'short_answer', 1);
INSERT INTO question_bank (id, level, parent_id, text, question_type, marks) VALUES (32, 'subsub_question', 30, '(ii) Give one benefit and one drawback of declaring dataArray as a local variable in the main program. Benefit  ............................................................................................................................... Drawback  ..........................................................................................................................', 'short_answer', 2);
INSERT INTO question_bank (id, level, parent_id, text, question_type, marks) VALUES (33, 'question', NULL, 'A program stores data in a 1-dimensional array.', 'short_answer', NULL);
INSERT INTO question_bank (id, level, parent_id, text, question_type, marks) VALUES (34, 'sub_question', 33, 'The program needs to search the array for a number that is input by the user.', 'short_answer', NULL);
INSERT INTO question_bank (id, level, parent_id, text, question_type, marks) VALUES (35, 'subsub_question', 34, '(i) Describe how a linear search will search the data in the array for a number that has been input. ......................................................................................................................................', 'short_answer', 5);
INSERT INTO question_bank (id, level, parent_id, text, question_type, marks) VALUES (36, 'subsub_question', 34, '(ii) State why you would use a linear search rather than a binary search. ......................................................................................................................................', 'short_answer', 1);
INSERT INTO question_bank (id, level, parent_id, text, question_type, marks) VALUES (37, 'sub_question', 33, 'Describe how an array can be used to store and access data in a stack data structure. .............................................................................................................................................. [4] END OF QUESTION PAPER', 'short_answer', 4);
INSERT INTO exam_questions (id, exam_id, question_bank_id, sort_order) VALUES (1, 18, 1, 1);
INSERT INTO exam_questions (id, exam_id, question_bank_id, sort_order) VALUES (2, 18, 11, 2);
INSERT INTO exam_questions (id, exam_id, question_bank_id, sort_order) VALUES (3, 18, 20, 3);
INSERT INTO exam_questions (id, exam_id, question_bank_id, sort_order) VALUES (4, 18, 21, 4);
INSERT INTO exam_questions (id, exam_id, question_bank_id, sort_order) VALUES (5, 18, 24, 5);
INSERT INTO exam_questions (id, exam_id, question_bank_id, sort_order) VALUES (6, 18, 33, 6);
INSERT INTO question_codeblock (id, question_bank_id, code) VALUES (1, 3, '01 procedure bubbleSort(numbers : byRef)
02 flag = true
03 for x = 0 to numbers.length – 1
04 if numbers[x] > numbers[x + 1] then
05 holdValue = numbers[x]
06 numbers[x] = numbers[x + 1]
07 numbers[x + 1] = holdValue
08 flag = false
09 endif
10 next x
11 endprocedure');
INSERT INTO question_codeblock (id, question_bank_id, code) VALUES (2, 4, '(i) Explain why the procedure bubbleSort accepts the array numbers by reference and not by value. ......................................................................................................................................');
INSERT INTO question_codeblock (id, question_bank_id, code) VALUES (3, 5, '(ii) The programmer has used a for loop on line 3 in the procedure bubbleSort. A for loop is a count controlled loop. State what is meant by the term ‘count controlled loop’. ......................................................................................................................................');
INSERT INTO question_codeblock (id, question_bank_id, code) VALUES (4, 6, '(iii) State the purpose of the variable holdValue in the procedure bubbleSort. ......................................................................................................................................');
INSERT INTO question_codeblock (id, question_bank_id, code) VALUES (5, 7, '(iv) The procedure bubbleSort will only partially sort the array numbers into order. Describe what the programmer would need to add to the algorithm to enable it to fully sort the numbers into order. ......................................................................................................................................');
INSERT INTO question_codeblock (id, question_bank_id, code) VALUES (6, 11, 'Taylor is designing a program for a client who would like to simulate earthquakes on major cities around the world in 3D. The client would like to be able to view any stage of an earthquake such as: 1. the build-up of the earthquake 2. the earthquake taking place 3. the aftershocks of the earthquake. The client would also like to be able to play the simulation at different speeds. For example, a slow, normal or fast speed.');
INSERT INTO question_codeblock (id, question_bank_id, code) VALUES (7, 14, '(i) Identify two different inputs for this program. 1 ........................................................................................................................................ 2 ........................................................................................................................................');
INSERT INTO question_codeblock (id, question_bank_id, code) VALUES (8, 15, '(ii) One decision point in the program will be to decide if the user inputs are suitable or not. Identify two other example decision points in this program. 1 ........................................................................................................................................ 2 ........................................................................................................................................');
INSERT INTO question_codeblock (id, question_bank_id, code) VALUES (9, 18, '(ii) Give two reasons why the waterfall model is not suitable for Taylor. 1 ......................................................................................................................................... 2 .........................................................................................................................................');
INSERT INTO question_codeblock (id, question_bank_id, code) VALUES (10, 21, '25 / 2 = 12 remainder 1
12 / 2 = 6 remainder 0');
INSERT INTO question_codeblock (id, question_bank_id, code) VALUES (11, 23, 'The main program: • asks the user to enter a denary number between 1 and 255 • checks that the input is valid between 1 and 255 • If valid call the function toBinary() and pass the input as a parameter • outputs the return value • If not valid, repeatedly asks the user to input a number until the number is valid. Write the algorithm for the main program. You should write your algorithm using pseudocode or program code. .............................................................................................................................................. [4]');
INSERT INTO question_codeblock (id, question_bank_id, code) VALUES (12, 24, '01 total = 1
02 smallest = 9999
03 largest = -1
04 for x = 0 to 21
05 dataArray[x] = input("Enter a number")
06 total = total + dataArray[x]
07 if dataArray[x] < largest then
08 largest = dataArray[x]
09 endif
10 if dataArray[x] < smallest then
11 smallest = dataArray[x]
12 endif
13 next x
14 print("Average = " + total * 20)
15 print("Smallest = " + smallest)
16 print("Largest = " + largest)');
INSERT INTO question_codeblock (id, question_bank_id, code) VALUES (13, 34, 'The program needs to search the array for a number that is input by the user.');
INSERT INTO question_codeblock (id, question_bank_id, code) VALUES (14, 35, '(i) Describe how a linear search will search the data in the array for a number that has been input. ......................................................................................................................................');