INSERT INTO question_bank (id, level, parent_id, text, question_type, marks) VALUES (1, 'question', NULL, 'OCRSystems are designing a new CPU for a computer system that will be used for video rendering. Part of the video rendering process is when the video is exported. This is when the computer combines all of the separate video elements together to form the final video.', 'short_answer', NULL);
INSERT INTO question_bank (id, level, parent_id, text, question_type, marks) VALUES (2, 'sub_question', 1, 'Describe two factors that affect the performance of the CPU. 1 ................................................................................................................................................ 2 ................................................................................................................................................ [4]', 'short_answer', 4);
INSERT INTO question_bank (id, level, parent_id, text, question_type, marks) VALUES (3, 'sub_question', 1, 'An important design consideration is whether OCRSystems use a CISC processor type or a RISC processor type. Describe one difference between a CISC processor and a RISC processor. .............................................................................................................................................. [2]', 'short_answer', 2);
INSERT INTO question_bank (id, level, parent_id, text, question_type, marks) VALUES (4, 'sub_question', 1, 'OCRSystems are considering using parallel processing in the computer system that will be used for video rendering. Describe how parallel processing would increase the performance of this computer system. .............................................................................................................................................. [3]', 'short_answer', 3);
INSERT INTO question_bank (id, level, parent_id, text, question_type, marks) VALUES (5, 'sub_question', 1, 'The computer system will contain several input and output devices. Explain the role of device drivers when using input and output devices on a computer system. .............................................................................................................................................. [2]', 'short_answer', 2);
INSERT INTO question_bank (id, level, parent_id, text, question_type, marks) VALUES (6, 'sub_question', 1, 'Before a video is rendered, the user will first capture and edit the individual video elements before they are combined together to form the final video.', 'short_answer', NULL);
INSERT INTO question_bank (id, level, parent_id, text, question_type, marks) VALUES (7, 'subsub_question', 6, '(i) State two different output devices that could be used when editing the videos. 1 ........................................................................................................................................ 2 ........................................................................................................................................', 'short_answer', 2);
INSERT INTO question_bank (id, level, parent_id, text, question_type, marks) VALUES (8, 'subsub_question', 6, '(ii) * A storage device is used to store the individual video elements while they are being captured in different locations and during the video editing process. Discuss the suitability of a flash storage device and a magnetic storage device for storing the different video elements while they are being collected and edited. You should refer to the following in your answer: • the benefits of each type of storage • the drawbacks of each type of storage • the suitability of each type of storage. ......................................................................................................................................', 'short_answer', 9);
INSERT INTO question_bank (id, level, parent_id, text, question_type, marks) VALUES (9, 'question', NULL, 'A programmer uses a queue data structure to store data.', 'short_answer', NULL);
INSERT INTO question_bank (id, level, parent_id, text, question_type, marks) VALUES (10, 'sub_question', 9, '', 'short_answer', NULL);
INSERT INTO question_bank (id, level, parent_id, text, question_type, marks) VALUES (11, 'subsub_question', 10, '(i) Tick one box that describes how a queue operates. Last In First Out First In First Out', 'short_answer', 1);
INSERT INTO question_bank (id, level, parent_id, text, question_type, marks) VALUES (12, 'subsub_question', 10, '(ii) The figure below shows a queue data structure that contains a list of names. Alex is at the front of the queue. Alex Kofi Ben Sundip Tom The operations that can be used on the queue are: • enqueue() – This will add data that is passed in as a parameter to the queue. • dequeue() – This will return the first element in the queue. Show the contents of the queue after these operations have been performed: enqueue("Charlie") dequeue() enqueue("Ling") dequeue() enqueue("Sara")', 'short_answer', 2);
INSERT INTO question_bank (id, level, parent_id, text, question_type, marks) VALUES (13, 'sub_question', 9, 'A stack is another type of data structure. A stack is implemented using these variables: • items – This is used to store an array that contains the data. • top – This is an integer value pointing to the last item of data that was inserted. pop() is one operation that can be performed on a stack. This will remove an item from the top of the stack, or –1 if the stack is empty.', 'short_answer', NULL);
INSERT INTO question_bank (id, level, parent_id, text, question_type, marks) VALUES (14, 'subsub_question', 13, '(i) Complete the pseudocode function for the pop() operation.', 'code_block', 4);
INSERT INTO question_bank (id, level, parent_id, text, question_type, marks) VALUES (15, 'subsub_question', 13, '(ii) A function called reverse uses a stack called theStack to reverse data that is passed in as a parameter called name. For example, the name “Jack” would be returned as “kcaJ” by the function. theStack uses these operations which are already defined as global scope in the program: • push() – This will add data that is passed in as a parameter to the stack. • pop() – This will remove and return the item on top of the stack. Write the function reverse so that it: • accepts the name as a parameter • uses push() to add each character in the name to theStack separately • uses pop() to return each character from theStack and add it to a variable called reverseName • outputs the variable reverseName once all characters have been popped from theStack. You should write your function using pseudocode or program code. ......................................................................................................................................', 'short_answer', 7);
INSERT INTO question_bank (id, level, parent_id, text, question_type, marks) VALUES (16, 'question', NULL, '', 'short_answer', NULL);
INSERT INTO question_bank (id, level, parent_id, text, question_type, marks) VALUES (17, 'sub_question', 16, 'Describe what is meant by the term ‘character set’. .............................................................................................................................................. [2]', 'short_answer', 2);
INSERT INTO question_bank (id, level, parent_id, text, question_type, marks) VALUES (18, 'sub_question', 16, '', 'short_answer', NULL);
INSERT INTO question_bank (id, level, parent_id, text, question_type, marks) VALUES (19, 'subsub_question', 18, '(i) Convert the hexadecimal number 66 into a denary number. Show your working. ......................................................................................................................................', 'short_answer', 2);
INSERT INTO question_bank (id, level, parent_id, text, question_type, marks) VALUES (20, 'subsub_question', 18, '(ii) State two reasons why a programmer would prefer to use hexadecimal numbers rather than binary numbers. 1 ........................................................................................................................................ 2 ........................................................................................................................................', 'short_answer', 2);
INSERT INTO question_bank (id, level, parent_id, text, question_type, marks) VALUES (21, 'sub_question', 16, 'Show the denary value 6.25 as a floating point binary number representing the mantissa and exponent. Both of these should be stored in two’s complement representation. You should use as few bits as possible. Show your working. .............................................................................................................................................. [3]', 'short_answer', 3);
INSERT INTO question_bank (id, level, parent_id, text, question_type, marks) VALUES (22, 'sub_question', 16, 'State the benefit of using a normalised form when representing data as a floating point number. .............................................................................................................................................. [1]', 'short_answer', 1);
INSERT INTO question_bank (id, level, parent_id, text, question_type, marks) VALUES (23, 'question', NULL, 'OCRConfectionery is a sweet manufacturing company. They want to use a relational database to store details of the orders their customers make.', 'short_answer', NULL);
INSERT INTO question_bank (id, level, parent_id, text, question_type, marks) VALUES (24, 'sub_question', 23, 'State two benefits of using a relational database instead of a flat file database. 1 ................................................................................................................................................ 2 ................................................................................................................................................ [2]', 'short_answer', 2);
INSERT INTO question_bank (id, level, parent_id, text, question_type, marks) VALUES (25, 'sub_question', 23, 'One customer can order as many different products as they like in the same order. A customer can also place as many orders as they like. One product can be ordered multiple times in the same order or ordered by multiple different customers. Complete the entity relationship diagram to show the relationships between the Product, Customer and Order entities. [2] Customer Product Order', 'short_answer', 2);
INSERT INTO question_bank (id, level, parent_id, text, question_type, marks) VALUES (26, 'sub_question', 23, 'The order table has these fields. OrderID OrderDate OrderAmount CustomerID ProductID', 'short_answer', NULL);
INSERT INTO question_bank (id, level, parent_id, text, question_type, marks) VALUES (27, 'subsub_question', 26, '(i) State the difference between a primary key and a foreign key. ......................................................................................................................................', 'short_answer', 2);
INSERT INTO question_bank (id, level, parent_id, text, question_type, marks) VALUES (28, 'subsub_question', 26, '(ii) State one foreign key in the order table. ......................................................................................................................................', 'short_answer', 1);
INSERT INTO question_bank (id, level, parent_id, text, question_type, marks) VALUES (29, 'subsub_question', 26, '(iii) State why CustomerID would not make a suitable primary key in the order table. ......................................................................................................................................', 'short_answer', 1);
INSERT INTO question_bank (id, level, parent_id, text, question_type, marks) VALUES (30, 'question', NULL, 'Amaya is an amateur photographer and has bought an old second-hand computer to edit her photographs. The specifications of this computer are shown below. Processor: Dual Core 1.8 GHz RAM: 1 GB HDD: 500 GB', 'short_answer', NULL);
INSERT INTO question_bank (id, level, parent_id, text, question_type, marks) VALUES (31, 'sub_question', 30, 'State the role of RAM in a computer system. .............................................................................................................................................. [1]', 'short_answer', 1);
INSERT INTO question_bank (id, level, parent_id, text, question_type, marks) VALUES (32, 'sub_question', 30, 'Explain what is meant by the term ‘virtual memory’ and why this may be needed when Amaya is editing her photographs. .............................................................................................................................................. [2]', 'short_answer', 2);
INSERT INTO question_bank (id, level, parent_id, text, question_type, marks) VALUES (33, 'question', NULL, 'Zac has an accountancy business. He is moving into an office that has enough space for up to five members of staff. Zac would like to install a Local Area Network (LAN) to allow his staff to work together.', 'short_answer', NULL);
INSERT INTO question_bank (id, level, parent_id, text, question_type, marks) VALUES (34, 'sub_question', 33, '', 'short_answer', NULL);
INSERT INTO question_bank (id, level, parent_id, text, question_type, marks) VALUES (35, 'subsub_question', 34, '(i) A LAN uses packet switching. Describe one difference between packet switching and circuit switching. ......................................................................................................................................', 'short_answer', 2);
INSERT INTO question_bank (id, level, parent_id, text, question_type, marks) VALUES (36, 'subsub_question', 34, '(ii) Explain why packet switching is more suitable for a computer network than circuit switching. ......................................................................................................................................', 'short_answer', 2);
INSERT INTO question_bank (id, level, parent_id, text, question_type, marks) VALUES (37, 'sub_question', 33, '* Zac has hired a company that will advise him on what type of LAN he should set up. Discuss how Zac could set up a peer-to-peer network and a client-server network. You should refer to the following in your answer: • how the computers in each type are connected • the benefits of each type • the drawbacks of each type • the suitability of each type. .............................................................................................................................................. [9] END OF QUESTION PAPER', 'short_answer', 9);
INSERT INTO exam_questions (id, exam_id, question_bank_id, sort_order) VALUES (1, 22, 1, 1);
INSERT INTO exam_questions (id, exam_id, question_bank_id, sort_order) VALUES (2, 22, 2, 2);
INSERT INTO exam_questions (id, exam_id, question_bank_id, sort_order) VALUES (3, 22, 3, 3);
INSERT INTO exam_questions (id, exam_id, question_bank_id, sort_order) VALUES (4, 22, 4, 4);
INSERT INTO exam_questions (id, exam_id, question_bank_id, sort_order) VALUES (5, 22, 5, 5);
INSERT INTO exam_questions (id, exam_id, question_bank_id, sort_order) VALUES (6, 22, 6, 6);
INSERT INTO exam_questions (id, exam_id, question_bank_id, sort_order) VALUES (7, 22, 7, 7);
INSERT INTO exam_questions (id, exam_id, question_bank_id, sort_order) VALUES (8, 22, 8, 8);
INSERT INTO exam_questions (id, exam_id, question_bank_id, sort_order) VALUES (9, 22, 9, 1);
INSERT INTO exam_questions (id, exam_id, question_bank_id, sort_order) VALUES (10, 22, 10, 2);
INSERT INTO exam_questions (id, exam_id, question_bank_id, sort_order) VALUES (11, 22, 11, 3);
INSERT INTO exam_questions (id, exam_id, question_bank_id, sort_order) VALUES (12, 22, 12, 4);
INSERT INTO exam_questions (id, exam_id, question_bank_id, sort_order) VALUES (13, 22, 13, 5);
INSERT INTO exam_questions (id, exam_id, question_bank_id, sort_order) VALUES (14, 22, 14, 6);
INSERT INTO exam_questions (id, exam_id, question_bank_id, sort_order) VALUES (15, 22, 15, 7);
INSERT INTO exam_questions (id, exam_id, question_bank_id, sort_order) VALUES (16, 22, 16, 1);
INSERT INTO exam_questions (id, exam_id, question_bank_id, sort_order) VALUES (17, 22, 17, 2);
INSERT INTO exam_questions (id, exam_id, question_bank_id, sort_order) VALUES (18, 22, 18, 3);
INSERT INTO exam_questions (id, exam_id, question_bank_id, sort_order) VALUES (19, 22, 19, 4);
INSERT INTO exam_questions (id, exam_id, question_bank_id, sort_order) VALUES (20, 22, 20, 5);
INSERT INTO exam_questions (id, exam_id, question_bank_id, sort_order) VALUES (21, 22, 21, 6);
INSERT INTO exam_questions (id, exam_id, question_bank_id, sort_order) VALUES (22, 22, 22, 7);
INSERT INTO exam_questions (id, exam_id, question_bank_id, sort_order) VALUES (23, 22, 23, 1);
INSERT INTO exam_questions (id, exam_id, question_bank_id, sort_order) VALUES (24, 22, 24, 2);
INSERT INTO exam_questions (id, exam_id, question_bank_id, sort_order) VALUES (25, 22, 25, 3);
INSERT INTO exam_questions (id, exam_id, question_bank_id, sort_order) VALUES (26, 22, 26, 4);
INSERT INTO exam_questions (id, exam_id, question_bank_id, sort_order) VALUES (27, 22, 27, 5);
INSERT INTO exam_questions (id, exam_id, question_bank_id, sort_order) VALUES (28, 22, 28, 6);
INSERT INTO exam_questions (id, exam_id, question_bank_id, sort_order) VALUES (29, 22, 29, 7);
INSERT INTO exam_questions (id, exam_id, question_bank_id, sort_order) VALUES (30, 22, 30, 1);
INSERT INTO exam_questions (id, exam_id, question_bank_id, sort_order) VALUES (31, 22, 31, 2);
INSERT INTO exam_questions (id, exam_id, question_bank_id, sort_order) VALUES (32, 22, 32, 3);
INSERT INTO exam_questions (id, exam_id, question_bank_id, sort_order) VALUES (33, 22, 33, 1);
INSERT INTO exam_questions (id, exam_id, question_bank_id, sort_order) VALUES (34, 22, 34, 2);
INSERT INTO exam_questions (id, exam_id, question_bank_id, sort_order) VALUES (35, 22, 35, 3);
INSERT INTO exam_questions (id, exam_id, question_bank_id, sort_order) VALUES (36, 22, 36, 4);
INSERT INTO exam_questions (id, exam_id, question_bank_id, sort_order) VALUES (37, 22, 37, 5);
INSERT INTO question_codeblock (id, question_bank_id, code) VALUES (1, 1, 'OCRSystems are designing a new CPU for a computer system that will be used for video rendering. Part of the video rendering process is when the video is exported. This is when the computer combines all of the separate video elements together to form the final video.');
INSERT INTO question_codeblock (id, question_bank_id, code) VALUES (2, 4, 'OCRSystems are considering using parallel processing in the computer system that will be used for video rendering. Describe how parallel processing would increase the performance of this computer system. .............................................................................................................................................. [3]');
INSERT INTO question_codeblock (id, question_bank_id, code) VALUES (3, 5, 'The computer system will contain several input and output devices. Explain the role of device drivers when using input and output devices on a computer system. .............................................................................................................................................. [2]');
INSERT INTO question_codeblock (id, question_bank_id, code) VALUES (4, 8, '(ii) * A storage device is used to store the individual video elements while they are being captured in different locations and during the video editing process. Discuss the suitability of a flash storage device and a magnetic storage device for storing the different video elements while they are being collected and edited. You should refer to the following in your answer: • the benefits of each type of storage • the drawbacks of each type of storage • the suitability of each type of storage. ......................................................................................................................................');
INSERT INTO question_codeblock (id, question_bank_id, code) VALUES (5, 13, 'A stack is another type of data structure. A stack is implemented using these variables: • items – This is used to store an array that contains the data. • top – This is an integer value pointing to the last item of data that was inserted. pop() is one operation that can be performed on a stack. This will remove an item from the top of the stack, or –1 if the stack is empty.');
INSERT INTO question_codeblock (id, question_bank_id, code) VALUES (6, 14, 'function pop()
if top == …………………………… then
return –1
else
item = items[……………………………]
top = top – ……………………………
return ……………………………
endif
endfunction');
INSERT INTO question_codeblock (id, question_bank_id, code) VALUES (7, 15, '(ii) A function called reverse uses a stack called theStack to reverse data that is passed in as a parameter called name. For example, the name “Jack” would be returned as “kcaJ” by the function. theStack uses these operations which are already defined as global scope in the program: • push() – This will add data that is passed in as a parameter to the stack. • pop() – This will remove and return the item on top of the stack. Write the function reverse so that it: • accepts the name as a parameter • uses push() to add each character in the name to theStack separately • uses pop() to return each character from theStack and add it to a variable called reverseName • outputs the variable reverseName once all characters have been popped from theStack. You should write your function using pseudocode or program code. ......................................................................................................................................');
INSERT INTO question_codeblock (id, question_bank_id, code) VALUES (8, 33, 'Zac has an accountancy business. He is moving into an office that has enough space for up to five members of staff. Zac would like to install a Local Area Network (LAN) to allow his staff to work together.');
INSERT INTO question_codeblock (id, question_bank_id, code) VALUES (9, 36, '(ii) Explain why packet switching is more suitable for a computer network than circuit switching. ......................................................................................................................................');